profile	path	class	seed	trials	audio_h	attempts	sync	crc_fail	legit	false	false_gate	false_d3	ub95_false_per_attempt	ub95_false_per_sync	ub95_false_per_hour	wall_s
default	oneshot	silence	64ad194270ecd063	13637	1.5001	13637	0	0	0	0	0	0	0.00022	nan	2	12.1
default	oneshot	wgn-40	324826cd04fa272b	27273	3.0000	27273	0	0	0	0	0	0	0.00011	nan	0.999	28.7
default	oneshot	wgn-20	324eb2cd04ff80bd	27273	3.0000	27273	0	0	0	0	0	0	0.00011	nan	0.999	28.7
default	oneshot	wgn-6	011c7f2c054ed533	27273	3.0000	27273	1	1	0	0	0	0	0.00011	3	0.999	29.8
default	oneshot	pink-20	631eeb580c13b161	27273	3.0000	27273	0	0	0	0	0	0	0.00011	nan	0.999	31.4
default	oneshot	music_offgrid	c9501f149d25d7dd	27273	3.0000	27273	3	3	0	0	0	0	0.00011	0.999	0.999	92.0
default	oneshot	music_ongrid	27fd5e0af638ea91	27273	3.0000	27273	0	0	0	0	0	0	0.00011	nan	0.999	29.6
default	oneshot	trill_ongrid	f063e9d80f5358b7	27273	3.0000	27273	5	5	0	0	0	0	0.00011	0.599	0.999	30.3
default	oneshot	clicks	18baa6731aa93079	27273	3.0000	27273	0	0	0	0	0	0	0.00011	nan	0.999	30.0
default	oneshot	trunc	dd695ea9b7d8d935	2100	0.2310	2100	2100	900	1200	0	0	0	0.00143	0.00143	13	2.4
default	oneshot	overlap	317c8d6986c35d98	2100	0.3058	2100	1800	604	1196	0	0	0	0.00143	0.00166	9.8	5.4
default	oneshot	badsync	bcabf83a1e541943	2400	0.2640	2400	920	20	900	0	0	0	0.00125	0.00326	11.3	2.7
default	oneshot	dataflip	630c4b6ff0598af6	3600	0.3960	3600	3600	1461	2139	0	0	0	0.000832	0.000832	7.56	4.3
default	oneshot	preamble	021f83809ac06e69	1200	0.1320	1200	600	600	0	0	0	0	0.0025	0.00499	22.7	1.0
default	oneshot	presync_random	7c9d3ae1343c5629	200000	22.0000	200000	200000	199998	0	2	0	1	3.15e-05	3.15e-05	0.286	234.6
default	oneshot	wrongprof<-aux	d818ff0311424785	1200	0.1320	1200	0	0	0	0	0	0	0.0025	nan	22.7	1.2
default	oneshot	wrongprof<-melody	a3e5d3db68d302bd	1200	1.6733	1200	0	0	0	0	0	0	0.0025	nan	1.79	60.9
default	stream	silence	2a68c68719ab61a9	13637	1.5001	0	0	0	0	0	0	0	nan	nan	2	2.0
default	stream	wgn-40	72d4b8aedab7f755	27273	3.0000	29	0	0	0	0	0	0	0.103	nan	0.999	8.8
default	stream	wgn-20	72ce2caedab29dc3	27273	3.0000	187	0	0	0	0	0	0	0.016	nan	0.999	9.8
default	stream	wgn-6	1eda100df006524d	27273	3.0000	190	0	0	0	0	0	0	0.0158	nan	0.999	10.1
default	stream	pink-20	cbebe7d61626ce0f	27273	3.0000	167	0	0	0	0	0	0	0.0179	nan	0.999	11.9
default	stream	music_offgrid	831f8d0aba82708f	27273	3.0000	18183	25	25	0	0	0	0	0.000165	0.12	0.999	131.8
default	stream	music_ongrid	41308acb1ebdbf2b	27273	3.0000	18768	0	0	0	0	0	0	0.00016	nan	0.999	70.0
default	stream	trill_ongrid	ced008243f87483d	27273	3.0000	18749	21	21	0	0	0	0	0.00016	0.143	0.999	70.6
default	stream	clicks	f13eb5066a2a1a27	27273	3.0000	0	0	0	0	0	0	0	nan	nan	0.999	9.7
default	stream	trunc	83000b251680cd01	2100	0.3815	0	0	0	0	0	0	0	nan	nan	7.85	0.8
default	stream	overlap	12325667e8a7d69c	2100	0.4563	2100	1800	320	1480	0	0	0	0.00143	0.00166	6.57	3.9
default	stream	badsync	a29078d9663d1777	2400	0.4360	2400	909	9	900	0	0	0	0.00125	0.0033	6.87	5.6
default	stream	dataflip	30570144102d1942	3600	0.6540	3600	3600	1461	2139	0	0	0	0.000832	0.000832	4.58	3.7
default	stream	preamble	63b948fd0ade59e5	1200	0.2180	0	0	0	0	0	0	0	nan	nan	13.7	0.2
default	stream	presync_random	b1fd6c5d245ab99d	200000	36.3333	200000	200000	199999	0	1	0	0	2.37e-05	2.37e-05	0.131	193.4
default	stream	wrongprof<-aux	fe75fb183c2bd2d9	1200	0.2180	0	0	0	0	0	0	0	nan	nan	13.7	0.4
default	stream	wrongprof<-melody	eafd33c97038dbb9	1200	1.7593	14400	0	0	0	0	0	0	0.000208	nan	1.7	57.1
aux	oneshot	silence	6f67d19d8effbfbe	10910	1.0001	10910	0	0	0	0	0	0	0.000275	nan	3	8.2
aux	oneshot	wgn-40	1eb314420bb60ba8	21819	2.0001	21819	41	41	0	0	0	0	0.000137	0.0731	1.5	18.9
aux	oneshot	wgn-20	1ec718420bc6bb7e	21819	2.0001	21819	43	43	0	0	0	0	0.000137	0.0697	1.5	18.8
aux	oneshot	wgn-6	7b40578ba0b064ee	21819	2.0001	21819	41	41	0	0	0	0	0.000137	0.0731	1.5	19.5
aux	oneshot	pink-20	555f55328081644c	21819	2.0001	21819	6	6	0	0	0	0	0.000137	0.499	1.5	21.0
aux	oneshot	music_offgrid	10412272b20ab864	21819	2.0001	21819	2	2	0	0	0	0	0.000137	1.5	1.5	60.6
aux	oneshot	music_ongrid	29ff87da5e4802ea	21819	2.0001	21819	0	0	0	0	0	0	0.000137	nan	1.5	20.2
aux	oneshot	trill_ongrid	e749079619334980	21819	2.0001	21819	6	6	0	0	0	0	0.000137	0.499	1.5	20.4
aux	oneshot	clicks	1359d1818f4f1c86	21819	2.0001	21819	48	48	0	0	0	0	0.000137	0.0624	1.5	19.7
aux	oneshot	trunc	5421197a73986ff4	2100	0.1925	2100	2100	900	1200	0	0	0	0.00143	0.00143	15.6	1.9
aux	oneshot	overlap	67248d0d83356219	2100	0.2534	2100	2100	893	1207	0	0	0	0.00143	0.00143	11.8	4.0
aux	oneshot	badsync	3129562bb340e756	2400	0.2200	2400	910	10	900	0	0	0	0.00125	0.00329	13.6	2.2
aux	oneshot	dataflip	9035469c0fe9a1f5	3600	0.3300	3600	3600	1443	2157	0	0	0	0.000832	0.000832	9.08	3.5
aux	oneshot	preamble	179dd22097da339a	1200	0.1100	1200	600	600	0	0	0	0	0.0025	0.00499	27.2	0.9
aux	oneshot	presync_random	202339e4fc663ce2	100000	9.1667	100000	100000	99999	0	1	0	0	4.74e-05	4.74e-05	0.518	96.0
aux	oneshot	wrongprof<-default	bb2840140fbba1f1	1200	0.1320	1200	0	0	0	0	0	0	0.0025	nan	22.7	1.8
aux	oneshot	wrongprof<-bass	bb6e06b4232991ff	1200	2.3933	1200	0	0	0	0	0	0	0.0025	nan	1.25	68.3
aux	stream	silence	849e54f17bc62198	10910	1.0001	0	0	0	0	0	0	0	nan	nan	3	1.3
aux	stream	wgn-40	74d7f4af552ff0f6	21819	2.0001	36	0	0	0	0	0	0	0.0832	nan	1.5	5.8
aux	stream	wgn-20	74c370af551e67a0	21819	2.0001	195	3	3	0	0	0	0	0.0154	0.999	1.5	6.0
aux	stream	wgn-6	e3a000368babf09c	21819	2.0001	183	1	1	0	0	0	0	0.0164	3	1.5	6.7
aux	stream	pink-20	01d85b0cdd3bbb1e	21819	2.0001	161	0	0	0	0	0	0	0.0186	nan	1.5	8.0
aux	stream	music_offgrid	0b7a5f126684c97a	21819	2.0001	14776	9	9	0	0	0	0	0.000203	0.333	1.5	81.4
aux	stream	music_ongrid	84e32891b18846c8	21819	2.0001	15355	0	0	0	0	0	0	0.000195	nan	1.5	41.5
aux	stream	trill_ongrid	20f732d03fd7748a	21819	2.0001	15235	25	25	0	0	0	0	0.000197	0.12	1.5	40.9
aux	stream	clicks	a440a3429bb5cd90	21819	2.0001	0	0	0	0	0	0	0	nan	nan	1.5	6.6
aux	stream	trunc	7bb04887f2b21ca8	2100	0.3422	0	0	0	0	0	0	0	nan	nan	8.75	0.7
aux	stream	overlap	43754089c5202f25	2100	0.4031	2100	2100	838	1262	0	0	0	0.00143	0.00143	7.43	2.8
aux	stream	badsync	8b605f6a67d9cd22	2400	0.3911	2400	913	13	900	0	0	0	0.00125	0.00328	7.66	4.1
aux	stream	dataflip	e4e214e7f743b099	3600	0.5867	3600	3600	1426	2174	0	0	0	0.000832	0.000832	5.11	3.0
aux	stream	preamble	cda2aff2eccea74e	1200	0.1956	0	0	0	0	0	0	0	nan	nan	15.3	0.2
aux	stream	presync_random	564bbdc6ddaae0ee	100000	16.2963	100000	100000	99999	0	1	0	0	4.74e-05	4.74e-05	0.291	82.0
aux	stream	wrongprof<-default	c3a53bbb05a8f395	1200	0.2176	1200	0	0	0	0	0	0	0.0025	nan	13.8	3.3
aux	stream	wrongprof<-bass	40284e25af71007b	1200	2.4789	24000	0	0	0	0	0	0	0.000125	nan	1.21	64.1
melody	oneshot	silence	5f9b4ba0e5206b7e	359	0.5006	359	0	0	0	0	0	0	0.00834	nan	5.98	24.6
melody	oneshot	wgn-40	f4ec4edbcb9481e8	718	1.0012	718	0	0	0	0	0	0	0.00417	nan	2.99	49.5
melody	oneshot	wgn-20	f50052dbcba531be	718	1.0012	718	0	0	0	0	0	0	0.00417	nan	2.99	50.6
melody	oneshot	wgn-6	a4d09e72ace675ae	718	1.0012	718	0	0	0	0	0	0	0.00417	nan	2.99	51.8
melody	oneshot	pink-20	8adaf9cb1d3ba78c	718	1.0012	718	0	0	0	0	0	0	0.00417	nan	2.99	51.5
melody	oneshot	music_offgrid	cdcb627b4fc23d24	718	1.0012	718	0	0	0	0	0	0	0.00417	nan	2.99	77.5
melody	oneshot	music_ongrid	00386f27ab540caa	718	1.0012	718	0	0	0	0	0	0	0.00417	nan	2.99	53.2
melody	oneshot	trill_ongrid	23d20f7c89dd4940	718	1.0012	718	1	1	0	0	0	0	0.00417	3	2.99	51.7
melody	oneshot	clicks	ecf8d94557780446	718	1.0012	718	0	0	0	0	0	0	0.00417	nan	2.99	52.5
melody	oneshot	trunc	94a59f2092da9f8a	175	0.2440	175	150	50	100	0	0	0	0.0171	0.02	12.3	14.0
melody	oneshot	overlap	ac23e1461fd2b61f	175	0.3309	175	175	11	164	0	0	0	0.0171	0.0171	9.05	26.0
melody	oneshot	badsync	8fb2c75ee56c6178	200	0.2789	200	111	0	111	0	0	0	0.015	0.027	10.7	11.7
melody	oneshot	dataflip	f69198238e08bd3f	300	0.4183	300	300	124	176	0	0	0	0.00999	0.00999	7.16	17.7
melody	oneshot	preamble	fec7c291d8565b88	100	0.1394	100	50	50	0	0	0	0	0.03	0.0599	21.5	5.4
melody	oneshot	presync_random	8f7d0c51e46cae30	3000	4.1833	3000	3000	2999	0	1	0	0	0.00158	0.00158	1.13	178.7
melody	oneshot	wrongprof<-bass	7e1d9fcaddfed555	100	0.1994	100	0	0	0	0	0	0	0.03	nan	15	15.8
melody	oneshot	wrongprof<-chime	37ef2d07eca49322	100	0.1394	100	0	0	0	0	0	0	0.03	nan	21.5	5.5
melody	oneshot	wrongprof<-nocturne	91f1a4c610acd274	100	0.1394	100	0	0	0	0	0	0	0.03	nan	21.5	5.9
melody	stream	silence	dd297822707a05f8	359	0.5006	0	0	0	0	0	0	0	nan	nan	5.98	0.8
melody	stream	wgn-40	1206386154069956	718	1.0012	245	0	0	0	0	0	0	0.0122	nan	2.99	42.8
melody	stream	wgn-20	11f1b46153f51000	718	1.0012	330	0	0	0	0	0	0	0.00908	nan	2.99	55.2
melody	stream	wgn-6	a851f80e590eb6fc	718	1.0012	192	0	0	0	0	0	0	0.0156	nan	2.99	33.5
melody	stream	pink-20	f46828d58c86d97e	718	1.0012	236	0	0	0	0	0	0	0.0127	nan	2.99	40.7
melody	stream	music_offgrid	b9b1e52858cb749a	718	1.0012	352	0	0	0	0	0	0	0.00851	nan	2.99	84.3
melody	stream	music_ongrid	7c1baa3eac748368	718	1.0012	363	0	0	0	0	0	0	0.00825	nan	2.99	59.0
melody	stream	trill_ongrid	ebfd9bd78a08792a	718	1.0012	361	4	4	0	0	0	0	0.0083	0.749	2.99	58.0
melody	stream	clicks	928bef4d45baca70	718	1.0012	0	0	0	0	0	0	0	nan	nan	2.99	3.1
melody	stream	trunc	c9e68db5ff002726	175	0.2717	25	25	0	25	0	0	0	0.12	0.12	11	2.8
melody	stream	overlap	5ce7fc42c1ad7323	175	0.3586	175	175	12	163	0	0	0	0.0171	0.0171	8.35	12.9
melody	stream	badsync	e8a2b3ad3542c26c	200	0.3106	200	100	0	100	0	0	0	0.015	0.03	9.65	21.1
melody	stream	dataflip	7ec8e1fa2460ac3b	300	0.4658	300	300	121	179	0	0	0	0.00999	0.00999	6.43	18.0
melody	stream	preamble	f8d952f1f0475674	100	0.1553	0	0	0	0	0	0	0	nan	nan	19.3	0.2
melody	stream	presync_random	9c8f972d71d6c8f4	3000	4.6583	3000	3000	3000	0	0	0	0	0.000999	0.000999	0.643	182.2
melody	stream	wrongprof<-bass	68c5ecbc6c5f6f49	100	0.2153	100	0	0	0	0	0	0	0.03	nan	13.9	15.9
melody	stream	wrongprof<-chime	e1c3777d2b8bee9e	100	0.1553	0	0	0	0	0	0	0	nan	nan	19.3	0.4
melody	stream	wrongprof<-nocturne	0dc6cde7f7231708	100	0.1553	100	0	0	0	0	0	0	0.03	nan	19.3	14.3
bass	oneshot	silence	be888164cc57983b	251	0.5006	251	0	0	0	0	0	0	0.0119	nan	5.98	8.4
bass	oneshot	wgn-40	0b535afb97a94a23	502	1.0012	502	0	0	0	0	0	0	0.00597	nan	2.99	18.2
bass	oneshot	wgn-20	0b5a66fb97af7d35	502	1.0012	502	0	0	0	0	0	0	0.00597	nan	2.99	17.5
bass	oneshot	wgn-6	6ba6bc67911efa7b	502	1.0012	502	0	0	0	0	0	0	0.00597	nan	2.99	19.1
bass	oneshot	pink-20	b02122f76b5221a9	502	1.0012	502	0	0	0	0	0	0	0.00597	nan	2.99	19.8
bass	oneshot	music_offgrid	431d6fe7897a9055	502	1.0012	502	0	0	0	0	0	0	0.00597	nan	2.99	46.3
bass	oneshot	music_ongrid	d68c2bca505a89e9	502	1.0012	502	0	0	0	0	0	0	0.00597	nan	2.99	18.9
bass	oneshot	trill_ongrid	37d2d5d1085cee1f	502	1.0012	502	0	0	0	0	0	0	0.00597	nan	2.99	19.8
bass	oneshot	clicks	de76ceb8b9f89e81	502	1.0012	502	0	0	0	0	0	0	0.00597	nan	2.99	19.3
bass	oneshot	trunc	abbd9dbdeda83cf3	175	0.3490	175	175	75	100	0	0	0	0.0171	0.0171	8.58	6.5
bass	oneshot	overlap	f9a698162ea6797e	175	0.4737	175	175	18	157	0	0	0	0.0171	0.0171	6.32	15.2
bass	oneshot	badsync	0efd557373bf703d	200	0.3989	200	91	0	91	0	0	0	0.015	0.0329	7.51	5.2
bass	oneshot	dataflip	485ed7440dfd7f50	300	0.5983	300	300	122	178	0	0	0	0.00999	0.00999	5.01	8.3
bass	oneshot	preamble	9737ea58c80cc05f	100	0.1994	100	50	50	0	0	0	0	0.03	0.0599	15	2.3
bass	oneshot	presync_random	ef57829593e682ef	3000	5.9833	3000	3000	3000	0	0	0	0	0.000999	0.000999	0.501	82.0
bass	oneshot	wrongprof<-melody	7370518dde76ce03	100	0.1994	100	0	0	0	0	0	0	0.03	nan	15	3.2
bass	oneshot	wrongprof<-chime	3350f15017035da5	100	0.1994	100	0	0	0	0	0	0	0.03	nan	15	2.7
bass	stream	silence	4315c4692e5da3cd	251	0.5006	0	0	0	0	0	0	0	nan	nan	5.98	0.6
bass	stream	wgn-40	c7367f597e47bcd9	502	1.0012	218	0	0	0	0	0	0	0.0137	nan	2.99	26.0
bass	stream	wgn-20	c74b03597e59462f	502	1.0012	307	0	0	0	0	0	0	0.00976	nan	2.99	35.7
bass	stream	wgn-6	972ba9463ce80cd9	502	1.0012	198	0	0	0	0	0	0	0.0151	nan	2.99	23.0
bass	stream	pink-20	dbecc6eb6c4ad763	502	1.0012	252	1	1	0	0	0	0	0.0119	3	2.99	29.7
bass	stream	music_offgrid	71d1e8997b7f0683	502	1.0012	256	0	0	0	0	0	0	0.0117	nan	2.99	57.7
bass	stream	music_ongrid	fbd921dfd0e66b2f	502	1.0012	249	0	0	0	0	0	0	0.012	nan	2.99	30.6
bass	stream	trill_ongrid	4bfffa3e4cbf6e89	502	1.0012	256	9	9	0	0	0	0	0.0117	0.333	2.99	28.6
bass	stream	clicks	f4295c73a646396b	502	1.0012	0	0	0	0	0	0	0	nan	nan	2.99	3.0
bass	stream	trunc	ed0891da4aa5b107	175	0.3767	25	25	0	25	0	0	0	0.12	0.12	7.95	1.7
bass	stream	overlap	29c5907adc4daeaa	175	0.5014	174	174	12	162	0	0	0	0.0172	0.0172	5.97	6.4
bass	stream	badsync	56e5a4b835d56ef9	200	0.4306	200	89	0	89	0	0	0	0.015	0.0337	6.96	13.8
bass	stream	dataflip	ed996f5e7662d3d4	300	0.6458	300	300	125	175	0	0	0	0.00999	0.00999	4.64	9.0
bass	stream	preamble	384b6f1d6d06e223	100	0.2153	0	0	0	0	0	0	0	nan	nan	13.9	0.2
bass	stream	presync_random	4a42c4b6fa067a1b	3000	6.4583	3000	3000	3000	0	0	0	0	0.000999	0.000999	0.464	90.2
bass	stream	wrongprof<-melody	83fb9f34c4e1e8c7	100	0.2153	0	0	0	0	0	0	0	nan	nan	13.9	0.9
bass	stream	wrongprof<-chime	36c5f6b7d1ad3b29	100	0.2153	0	0	0	0	0	0	0	nan	nan	13.9	0.4
chime	oneshot	silence	21c17d15f93c3790	979	0.5004	979	0	0	0	0	0	0	0.00306	nan	5.99	6.2
chime	oneshot	wgn-40	adb90b63c420ceee	1957	1.0002	1957	0	0	0	0	0	0	0.00153	nan	3	13.6
chime	oneshot	wgn-20	ada48763c40f4598	1957	1.0002	1957	0	0	0	0	0	0	0.00153	nan	3	14.0
chime	oneshot	wgn-6	fbbf1ff3dee7ef04	1957	1.0002	1957	0	0	0	0	0	0	0.00153	nan	3	13.4
chime	oneshot	pink-20	89f354727ebfcdc6	1957	1.0002	1957	0	0	0	0	0	0	0.00153	nan	3	14.4
chime	oneshot	music_offgrid	ad69ef24a8601912	1957	1.0002	1957	0	0	0	0	0	0	0.00153	nan	3	36.2
chime	oneshot	music_ongrid	bf5783fea619b6e0	1957	1.0002	1957	0	0	0	0	0	0	0.00153	nan	3	13.7
chime	oneshot	trill_ongrid	d06a58ce0233d812	1957	1.0002	1957	1	1	0	0	0	0	0.00153	3	3	14.3
chime	oneshot	clicks	94be586323d1b298	1957	1.0002	1957	0	0	0	0	0	0	0.00153	nan	3	13.8
chime	oneshot	trunc	f0b04207ff341b0a	175	0.0894	175	175	75	100	0	0	0	0.0171	0.0171	33.5	1.5
chime	oneshot	overlap	37cf061cc9a9fd9f	175	0.1206	175	175	45	130	0	0	0	0.0171	0.0171	24.8	3.2
chime	oneshot	badsync	1b5dec358f43a8f8	200	0.1022	200	91	4	87	0	0	0	0.015	0.0329	29.3	1.9
chime	oneshot	dataflip	21a8b0e626d73bbf	300	0.1533	300	300	119	181	0	0	0	0.00999	0.00999	19.5	2.7
chime	oneshot	preamble	29dedb547124da08	100	0.0511	100	50	50	0	0	0	0	0.03	0.0599	58.6	0.6
chime	oneshot	presync_random	1c2fcc5736bdd8b0	10000	5.1111	10000	10000	10000	0	0	0	0	0.0003	0.0003	0.586	88.8
chime	oneshot	wrongprof<-melody	db5f66dd6042bf9e	100	0.1394	100	0	0	0	0	0	0	0.03	nan	21.5	5.0
chime	oneshot	wrongprof<-bass	880302ceffbac0d5	100	0.1994	100	0	0	0	0	0	0	0.03	nan	15	8.1
chime	stream	silence	2e5f9e709a2d9e16	979	0.5004	0	0	0	0	0	0	0	nan	nan	5.99	0.7
chime	stream	wgn-40	bb53e401f124ad00	1957	1.0002	300	0	0	0	0	0	0	0.00999	nan	3	8.2
chime	stream	wgn-20	bb686801f1363656	1957	1.0002	421	0	0	0	0	0	0	0.00712	nan	3	10.4
chime	stream	wgn-6	0a4046ca73502296	1957	1.0002	206	0	0	0	0	0	0	0.0145	nan	3	6.8
chime	stream	pink-20	fa585bf4ec66c674	1957	1.0002	267	0	0	0	0	0	0	0.0112	nan	3	8.5
chime	stream	music_offgrid	d7d5df1b85da8bbc	1957	1.0002	922	0	0	0	0	0	0	0.00325	nan	3	42.0
chime	stream	music_ongrid	dc1a3ee9d8565702	1957	1.0002	960	0	0	0	0	0	0	0.00312	nan	3	19.8
chime	stream	trill_ongrid	93f5f204ab4a6ec8	1957	1.0002	965	26	26	0	0	0	0	0.0031	0.115	3	19.8
chime	stream	clicks	815a3630568f38ae	1957	1.0002	0	0	0	0	0	0	0	nan	nan	3	3.3
chime	stream	trunc	b6b3237f0f014d16	175	0.1055	25	25	0	25	0	0	0	0.12	0.12	28.4	0.7
chime	stream	overlap	cb08d758852a7b13	175	0.1367	175	175	49	126	0	0	0	0.0171	0.0171	21.9	2.2
chime	stream	badsync	57229981381305fc	200	0.1206	200	92	1	91	0	0	0	0.015	0.0326	24.8	3.0
chime	stream	dataflip	50d02170affeb62b	300	0.1808	300	300	115	185	0	0	0	0.00999	0.00999	16.6	2.9
chime	stream	preamble	6f5629cc9c905324	100	0.0603	0	0	0	0	0	0	0	nan	nan	49.7	0.1
chime	stream	presync_random	6a884432306b5f24	10000	6.0278	10000	10000	10000	0	0	0	0	0.0003	0.0003	0.497	90.5
chime	stream	wrongprof<-melody	dde664263d05a36a	100	0.1486	200	0	0	0	0	0	0	0.015	nan	20.2	4.4
chime	stream	wrongprof<-bass	04f2cf7f8c4ed1d9	100	0.2086	300	0	0	0	0	0	0	0.00999	nan	14.4	5.8
codec	codec	gauss	6f8560ee9b28a03f	4000000	0.0000	4000000	4000000	3999942	0	58	0	1	1.8e-05	1.8e-05	nan	272.4
codec	codec	hard	aa20d9d8440999ef	2000000	0.0000	2000000	2000000	1999971	0	29	0	0	1.98e-05	1.98e-05	nan	105.9
codec	codec	flip8	d3e3b2c04627eadf	100000	0.0000	100000	100000	41	99959	0	0	0	3e-05	3e-05	nan	5.6
codec	codec	flip16	33eb93b735e89d36	200000	0.0000	200000	200000	7207	192793	0	0	0	1.5e-05	1.5e-05	nan	12.0
codec	codec	flip20	33f5a7b735f113b7	500000	0.0000	500000	500000	60219	439781	0	0	0	5.99e-06	5.99e-06	nan	29.6
codec	codec	flip24	33f5a3b735f10ceb	500000	0.0000	500000	500000	148150	351850	0	0	0	5.99e-06	5.99e-06	nan	29.3
codec	codec	flip28	33f59fb735f1061f	500000	0.0000	500000	500000	277948	222051	1	0	0	9.49e-06	9.49e-06	nan	29.1
codec	codec	flip32	33f21fb735edf6c8	500000	0.0000	500000	500000	408316	91680	4	0	0	1.83e-05	1.83e-05	nan	28.7
codec	codec	flip48	33e11bb735df7cc9	100000	0.0000	100000	100000	99997	0	3	0	0	7.75e-05	7.75e-05	nan	5.6
